67,78,139,366
14,25,210,221,460
0,30,86,88,131,308,498
45,72,74,120,239,288,321,348,364,366,434,459,470,481
56,135,162,166,186,232,253,315,376,384,396,433,445,478
16,48,98,121,130,184,187,244,250,319,494
175,220,308
34,72,100,117,140,141,157,185,244,301,376,413,431
38,67,68,148,177,183,185,187,261,346,419,478
1,56,70,86,99,123,146,186,308,342,386,406,416,448
16,22,48,50,219,310,408,439,452
4,6,14,18,48,56,87,113,145,154,244,250,331,396,414,427,447,448,459
30,38,117,140,191,218,271,277,499
6,18,108,144,186,207,233,269
21,115,146,197,242,376,403,424,457,490,492
0,30,146,269,291,308,325,331,427,451,474,478,494
26,91,107,121,147,189,190,230,267,308,395,406,427,455
10,97,113,141,274,286,323,331,370,408,478
11,56,99,116,118,147,210,308
146,159,178,187,234,274,406,449
91,246,425,470,484
29,163,186,206,210,218,270,310,351,395,408,439,466
5,7,8,34,37,48,49,170,246,308,321,335,348,417,422,431,441
85,102,140,147,162,185,194,351,431,438,449,470
111,113,140,261,276,300,328,394,408,443
16,32,101,108,131
229,286,341,384,409
11,19,30,49,134,253,305,307,395,396,434,455
67,116,141,166,189,209,305,308,386,400,419,494
14,85,123,125,141,162,188,205,331,388,492
245,359,378,396,403
5,23,37,43,147,188,193,194,221,242,286,308,318,321,380,438,440
144,162,189,242,261,265,335,488
56,93,132,319,357
23,30,43,50,72,102,187,265,301,367,380,448,452,492
15,195,214,250,343,378,403
32,152,163,209,221,242,339,359
207,214,386,495
19,60,62,78,110,135,138,221,307
143,402
6,10,42,113,185,202,274,370,417
14,72,124,230,286,331,410,413
3,24,39,58,146,177,227,234,301,304,308,315,326,375,408,421,432
26,46,100,132,144,318,339,382,399,449
13,14,70,178,186,187,195,210,212,272,282,315,344,425,438
15,145,162,190,221,286,288,308,328,449,474
81,112,113,140,147,321,404,428,492
1,60,67,110,112,152,154,199,301,308,324,470,478,479
12,18,26,60,86,170,186,316,349,372,419,461,472
10,225,240,271,308,321,455,472
46,56,121,162,266,315,330,335,345,348,364,384,410,420,445,470
21,23,67,234,427,455,473
116,132,172,183,202,254,267,273,274,335,349,426,471
0,20,164,396,432
2,56,68,97,144,152,191,221,252,267,378,474
67,144,185,190,267,315,403,408,440
49,255,449
14,16,44,49,90,194,239,307,394,403,420,435,441,493
14,44,111,161,190,234,250,288,349,400
166,285,313,420,428,430,494
103,162,202,318,427,463,489,498
8,14,67,114,192,194,288,308,322,401,437
1,30,67,77,102,119,152,161,188,267,308,319,437,450
56,61,111,139,161,242,266,293,308,408,431,471
6,48,49,72,88,111,120,146,154,339,377,394,406,426,470,478
19,47,60,195,386
14,60,72,107,130,138,141,189,221,225,268,358,428
279,315,414,489
6,30,32,191,230,239,267,268,318,334,404,406
70,99,143,163,242,308,318,334,356,387,408,455
19,34,86,93,132,154,227,235,270,348,386,390,414,427,431,465
75,111,129,143,147,170,313,352,403,457
18,111,118,170,186,194,437
56,134,138,140,147,160,161,194,233,274,279,309,425
5,70,143,172,241,408,447,466
0,1,18,20,60,108,143,164,194,396,432
34,67,141,163,178,202,218,358,408,449
49,300,409
48,75,108,111,135,153,185,261,318,340
184,194,301,323,364,394,414,455
14,18,86,157,241,261,267,357
184,194,210,301,364,394,414,455
35,56,108,115,132,134,154,161,186,192,222,241,244,261,281,308,408,451,457,494
10,274,366,408
18,54,87,108,182,448,490
1,39,163,215,384
16,152,187,250,274,277,352,475
16,38,48,76,99,293,322,367,382
39,134,144,175,190,202,233,250,396,459,492
6,21,123,151,221,265,281,308,310,331,349,421,441,457
28,39,63,191,211,328,368
19,34,67,76,129,261,268,308,419,438,449
21,140,286,376,431
4,14,86,163,220,253,261,298,308,367,389,451,470,478,482
14,23,108,161,250,268,389,408,460
1,123,425
63,76,143,146,209,233,239,321,426,431
21,56,116,132,172,279,409,427,466,494
15,34,161,230,343,401,431
28,245,319,351,430,474,479
105,152,186,187,190,326,389,400,408,435,445
28,146,186,192,318,353,396,463,478,498
155,170,233,242,315,419,449
6,116,186,189,195,209,308,335,378,419
1,20,86,202,305,387,427,431,474
2,11,18,28,31,67,160,179,191,205,228,234,244,301,376,455,477
1,85,87,124,161,170,225,229,455,460
18,30,49,152,197,267,274,308,356,408,430,448,489
18,32,194,220,304,341,355,368,394,403,437
178,244,309,386,448,457
11,50,97,419,435
18,54,112,163,233,389,403,430,479,499
4,15,25,116,149,162,186,195,219,303,325,407,470
13,56,117,158,240,324,394,408,426
2,21,67,86,99,117,124,131,170,175,221,351,395,400,403,408,413,451,478
6,43,132,170,185,250,336,349,444
48,56,86,123,136,179,181,351,380,438,494
96,160,218,308,331,390,396,466
33,70,72,96,104,139,143,156,190,218,275,321,389,407,439
64,91,118,292,308,344,439
32,78,132,159,162,285,351
22,38,132,210,261,345,351,378,406
1,19,30,137,198,235,308,324,408,411,438,443
56,72,89,99,152,236,269,270,321,398,403,427,448,470,477
5,160,315,321,326,362,439
50,115,138,140,153,308,331,399,470
32,46,79,162,221,229,330,331,425,451
0,44,108,127,139,195,239,308,328,390,425,471
24,141,242,322,452
1,4,12,48,57,115,138,186,268,345,408
34,167,195,209,268,270,273,356,365,394,431,437,438,448,455
72,141,187,304,472,478
41,86,160,215,218,270,277,319,408,433,437,456,458,473,485
34,118,121,146,172,182,220,267,302,448
34,41,48,56,60,161,185,188,285,315,326,395
261,308,315,408,421,448
19,41,56,75,100,161,172,225,265,310,449,492
147,161,281,286,322,395,425,436,443,445,470
6,54,102,177,184,288,313,481
6,9,86,108,146,190,218,221,409,421
41,56,140,162,274,304,324,388,406,421,449,498
48,67,161,177,285,319,349,351,363,427,478
19,49,234,239,345,396
4,165,166,170,178,186,191,319,327,394,396,406,495
16,35,56,99,108,154,187,215,227,293,322,396,427
11,57,105,154,166,186,213,221,267,354,387,427,431,474
3,102,138,162,180,203,204,210,239,254,306,339,356,448,472,492
39,63,67,113,161,181,191,308,328,368,402,489
21,30,50,153,186,221,268,285,358,388,427,449,455,492
16,32,108,116,124,152,153,254,308,315,318,443,478
19,46,78,135,163,170,210,254,281,395,409,415,417,473,497
2,33,86,102,178,244,431,478,492
49,139,154,195,248,285,315,374,407
136,241,261,279,349,378,380,395,431,440
170,233,292,358,399
108,117,163,244,268,286,421
37,180,191,221,267,275,345,390,395
29,98,116,161,166,426,448,459
161,196,220,250,301,308,310,365,427,437
26,119,146,147,331,336
124,152,331,492
19,68,86,111,119,191,229,265,406,437
78,166,277,288,304,340,384,392,406,413,475,478
39,141,143,144,190,202,210,242,244,250,275,492,493
28,60,102,136,229,250,328,345,390,396,401,408,419,437
57,81,137,194,369,433
0,221,270,308,417,426,439,466
48,67,89,111,117,213,239,315,318,335,349,364,387,395,419,455,461
27,141,261,308,322,336,375,390,431,449,472
144,221,324,444,459
18,19,72,117,122,141,158,221,279,435,438,458
86,198
0,1,34,60,111,117,118,170,210,227,229,252,255,293,308,315,326,368,382,433,443,465,490
87,170,177,181,185,241,281,308,315,407,452
14,15,78,107,162,195,210,218,227,233,258,305,349,356,414,448,467,469
143,151,220,376,428
1,12,99,116,189,219,305
5,70,143,172,241,408,447,466
32,38,50,60,63,94,117,147,190,288,307,308,416,431,449
19,110,152,170,190,221,234,308,349,376,427,482
44,141,313,364,388,451
102,143,163,182,191,222,322,324,380,429,472
15,76,162,286,322,326,328,431,474
112,172,177,261,365,474,493
56,79,86,132,161,233,268,389
29,145,149,242,309,455
0,60,111,147,166,170,175,273,431,435
14,18,44,116,189,226,335,420,478
141,202,335,421,445,470
60,108,163,192,244,254,268,286,421,441,479
56,265,331,414,428,466
14,31,56,140,143,161,163,191,197,215,221,270,313,330,348,395,427,448,489,490
1,33,117,187,218,250,300,335,349,431,455,478
14,24,143,281,445
110,141,409,419,478
106,195,308,445,490
18,39,194,276,304,307,355,437
2,4,56,81,86,111,141,194,305,386,477
1,9,81,86,170,190,218,409,421
3,18,34,60,102,160,170,205,235,294,359,387,417,457,458,459,474
78,136,261,386,415
47,67,154,186,190,238,249,308,335,376,408,457,479,499
61,91,157,158,165,168,185,194,221,223,276,321,336,366,386,408,455,479
60,97,102,136,203,221,242,267,308,347,376,431
144,158,167,207,233,386,390,431,485
18,67,98,101,271,315,428,450
28,167,229,349,431,434,473,492
34,181,266,315,374,390,407,499
172,315,431,449
60,152,221,271,455,490
186,242,260,293,329,372,394,419,471
56,98,261,322,328,396
56,67,86,152,187,198,261,308,315,406
14,132,163,188,190,261,293,312,321,398,431,467,479,481
111,141,192,250,331,336,408,428,444
14,56,67,190,195,202,305,408
18,67,98,102,175,188,202,242,245,318,321,338,408
1,18,60,108,143,194,309,314,449,473
14,18,162,207,225,253,318,345,367,478,482
19,110,124,155,209,250,270,358,458,470
15,56,111,117,143,315,433
108,132,187,218,268,345,380,414,478,489
38,234,345,425,482
15,19,113,140,195,239,244,343,378,396
112,249,315
0,12,18,30,39,116,145,222,279,290,301,334,336,355,364
60,67,111,128,188,288,308,322,349,425,430,433,458,478
29,141,147,161,242,308,315,349
39,43,67,177,187,241,253,261,285,308,322,346,406,448,472
67,108,161,227,345,390,479,488
4,91,124,155,470
78,112,116,123,138,143,183,186,194,449,460,477
132,138,170,190,191,265,315,322
1,19,78,108,111,134,194,218,233,274,279,293,449
19,60,117,141,330,335,427,431,445,455,458,470
5,70,143,241,408,447
78,121,245,288,304,392,397,406,430,474,479
46,47,132,187,211,261,288
39,83,154,194,204,221,230,330,358,377,449,457,495
42,111,196,308,318,409,449,478
14,77,85,205,277,463
30,50,92,141,244,254,262,417,427,431,474,492
4,6,16,28,32,46,63,152,408
67,139,214,295,390,428,489
28,56,66,111,122,186,195,221,234,293,316,422,427,460
14,16,44,76,90,111,154,190,194,239,308,326,341,413,423,441,448,449,465
18,49,103,114,141,154,161,202,345,408,409,434,457,458,489
12,18,32,111,185,218,254,270,304,395,422,448,449,478
30,46,56,60,119,141,209,219,250,265,310,349
56,68,70,115,124,161,425,444
90,152,162,302,323,416
1,18,56,136,177,192,245,285,401,425,451
218,222,301,408,431,437,463
12,86,117,121,163,187,227,301,329,345,397,400,408
42,162,181,199,219,230,370,398,400
4,12,14,39,178,188,189,235,301,319,400,448
47,49,111,116,134,195,254,267,384,386,402,426,443
34,270
32,67,78,170,179,352,408,455
57,168,170,244,308,315,326,398,411,440,461
34,57,185,190,253,262,308,315,326,390,489
16,67,94,186,209,211,233,242,308,309,313,339,349,352,407,408,430,436,455,457
124,186,190,202,250,315
12,90,163,185,227,245,288,301,304,400,408,478,494
87,116,195,245,257,348
50,107,158,190,253,261,315,413,427,429
38,82,124,140,252,266,287,294,305,310,338,339,478
16,18,60,117,186,198,308,339
4,90,103,224,276,294,408
102,232,236,406,457
6,111,244,308,375,431,492
108,239,425
67,91,154,187,210,278,286,313,315,403,478
4,67,111,141,162,172,178,277,318,335
11,29,60,68,142,220,221,310,315,322
42,72,81,184,185,187,222,301,389,406,431,435,437,479
120,162,209,246,288,290,326
6,103,115,136,200,230,234,270,308,351,358,449,478,481,489
3,85,102,132,147,162,185,367,449
75,85,107,161,186,205,221,301,303,331,334,345,403,419,426,430,478
44,67,195,376,470
6,121,161,162,163,192,345,408
68,186,191,229,448
32,110,144,189,319,389,396,425,426,496
142,188,261,351,424
48,114,170,177,221,244,363,396,406,494
46,110,115,161,188,319,331,442,498
15,21,99,117,142,194,197,216,301,427
17,38,136,149,195,307,310,376,384,406,410,411,487,494
1,8,163,241,270,314,318,389,390,474
4,32,123,136,195,215,267,318,339,425,452,480
137,140,161,178,185,210,273,380,401,471,485
99,103,135,144,170,183,219,236,241,250,270,274,282,326,331
37,46,66,118,140,154,159,163,233,293,315,328,402,438,455,458,474,477
57,197,218,254,266,375
6,67,93,134,162,220,227,236,240,292,308,314,431,455
57,60,116,117,123,202,205,393,419,457,459,472,474,482,492
21,34,403,485
12,76,113,123,146,199,225
12,14,56,72,140,172,285,293,295,331,435,471,489
14,115,119,123,162,167,194,199,218,221,375,403,425,459
14,67,87,91,102,143,186,189,331,403,474,479
99,129,143,270,313,345,417,431,457
5,12,19,37,117,124,170
87,132,226,233,390,403,409,489
21,75,108,111,184,202,266,279,310,318,347,408
30,93,319,367,491
17,87,110,161,220,265,345,349,390,401,405
14,32,70,98,117,140,179,187,235,239,288,319,389,415,435,440,448
4,132,154,156,255,310,395,407,415,423,449
185,189,279,291,308,315,341,355,408,445,470
12,50,181,186,239,240,335,352,478
3,54,67,136,225,359,396,447
209,239,304,392,455,472
2,136,313,339,405,419
19,34,60,94,308,322,366,431
4,33,75,222,242,246,261,270,279,305,316,319,357,370,406
42,111,190,234,250,290,400,417
34,66,136,160,190,274,391,433,455,470
86,151,163,177,186,420,435,448
18,42,108,276,308,324,423,448
49,123,185,261,297,329,358,408,448,474
12,226,280,302,321,349,460,470,492
48,102,265,315,331,416,431,478
19,42,56,86,186,227,288,345,375,422,448,454,474
117,152,154,301,313,378,391,425,482
14,160,250,268,308,389,390,396,466
20,103,162,202,349,419,427,489
19,86,101,113,221,268,300,308,416,459,478,494
1,19,34,161,238,307,420,422,431,448
63,101,161,274,321,363
6,108,136,183,189,194,229,367,380,443,445,488
8,14,49,57,105,213,221,346,354,474
15,16,57,188,265,266,416,449
181,189,198,210,215,245,350,352,417,439,471
11,16,44,67,122,138,183,242,270,279,293,301,376,407,452
86,210,389,429
29,103,163,210,218,238,351,395,466
1,38,91,129,143,166,191,210,243,304,308,313,416,425,443,449,478
181,229,249,304,413
160,250,317,471,479
81,86,111,113,179,194,305,425,443
161,310,385,390
18,39,44,110,148,302,402,408,431,435,492
14,37,91,93,100,124,143,170,184,224,241,252,308,352,376,459
134,147,167,186,315,425,426,479
44,258,261,310,315,322
21,162,308,396,408,409,421,470,481
24,44,210,270,324,396,425,448,492,496
60,170,435
12,48,77,103,115,149,158,161,185,186,209,210,242,308,389,394,408,420,431,448,475
16,68,69,70,140,141,144,147,160,161,309,317,365,425,495
14,117,129,186,389
116,141,154,163,187,204,243,257,299,315,426,471,474
19,119,321,442,462
1,85,115,124,161,225,245,396,444,455
14,26,30,50,78,132,153,185,210,268,285,288,290,308,366,388,425,427,434,455
34,104,143,181,308,315,331,342,349,374,407
30,138,331,342,387,400,416,449,478,485
16,132,140,185,186,270,279,291,301,310,341,378,408,427,471,472,481
26,90,147,195,370,489,492
147,187,324,328,331,394,485
1,5,63,103,132,190,239,273,277,292,293,423,427,431,451,452,457,489,493
60,192,205,254,305,329,433,441,479
14,38,124,143,183,186,212,261,408,421,430
30,57,117,123,170,261,342,393,396,408,433,446,455,457,477,479
31,33,97,132,140,261,288,322,350,378,390,396,417,489
44,56,111,184,308,451
187,227,315,319,426,458
60,78,159,202,209,222,250,277,308,319,394,408,455
111,115,118,309,314,367,449,473,498
29,115,116,137,162,187,204,243,299,315,408,474,481
15,39,79,108,121,185,218,220,222,252,310,320,349,426,427,494
85,190,220,265,270,281,439
3,48,108,110,186,194,249,308,339,406,408
101,110,118,135,162,234,380,413,457,477
2,19,57,101,111,131,195,224,287,294,342,384,425,497,499
5,220,221,328,331,461
22,26,30,271,390,408,430
60,63,102,147,199,234,239,277,345,351,365,472,475
14,105,162,186,214,222,234,247,315,349,357,380,422
1,21,42,138,141,170,178,215,391,395,399,435
4,16,28,42,128,152,162,170,177,186,218,234,265,270,292,319,421,474
14,56,60,144,158,170,180,195,202,220,232,285,308,494
14,38,50,152,224,226,242,315,357,439,444,486
30,32,74,84,114,387
1,119,170,215,297,375,408,449,474,498
16,67,100,113,116,182,214,250,252,331,420,438,455,478,491
14,35,36,41,111,226,240,242,304,375,401,419,472
14,15,30,116,170,185,286,403
44,48,56,97,121,131,169,173,270,298,315,356,357,367,426,434
5,178,194,416
100,194,210,269,307,315,431,478,481
103,163,221,238,239,388,395,407,443,448,475
4,19,56,110,139,167,170,186,232,270,357,420,425,449,479
56,102,149,295,392,427,435,494,498
8,103,178,216,427,469
30,63,81,101,139,141,161,274,279,321,363,445
50,70,199,226,285,295,319,443
14,24,99,116,187,194,207,233,376,398
0,12,173,221,270,308,417,426,439,466,481
75,117,127,162,191,195,242,408,452
23,143,166,186,221,249,269,313,413,470,478
26,41,111,119,146,147,240,268,300,331,336,375,419
29,35,135,163,172,186,230,232,321,324,349,388,390,392,396,420
178,195,214,250,403,416
49,67,100,131,138,161,162,241,307,319,335,351,395
99,141,240,270,276,308,324,351
30,32,43,67,83,194,286,321,324,329,331,346,401,437,443,478
4,46,141,142,152,194,213,305,331,389,403,457,477
56,67,117,194,210,219,321,389,408,431,438,489
67,108,116,162,187,204,243,315,334,431,438,474,492
67,86,108,187,209,215,239,279,308,315
1,16,102,131,134,140,177,195,219,265,385,396,439
25,86,91,102,148,185,215,435,491
14,60,86,101,110,177,221,330,459
37,181,220,267,277,288,328,387,441,459,467,492
77,81,122,152,200,209,249,269,310,315,316,321,345,414,498
56,63,134,188,230,459
46,60,75,141,191,353,409,497
1,75,78,149,163,218,221,353,396,398,400,401,449
14,215,238,239,323,395,409,478
28,32,90,96,184,328,335,387,388,403,431,433,479
13,29,78,113,122,134,154,160,310,315,387,403,408,426,459,479
69,97,102,132,154,185,186,239,275,403,435
20,219,305,431
67,177,229,285,319,349,351,427
19,29,39,60,67,78,124,141,172,218,254,315,449,478,489
19,41,42,46,100,116,170,178,194,250,301,302,326,335,375,431,437,443,459,478
60,129,135,302,315,390,408
86,186,187,205,227,244,261,295,321,339,401,416,436,449
6,32,102,134,154,170,219,279,408,417
12,16,26,60,86,152,187,250,274,316,349,376,472
14,67,69,102,141,177,270,285,310
19,48,186,254,275,315,331,478
2,56,188,214,215,228,232,363,375,425,431
144,262,266,319,334,438,459,492
0,29,85,147,229,274,308,419,444,445,474,498
78,93,98,141,159,273,335,351,364,395,406,422,430,443,460,474,498
18,48,220,240,241,261,279,310,378,395,413,421
1,14,48,49,67,108,110,134,170,222,243,250,308,337,471,497
34,67,277,335,341,423,445,449,470,478
78,102,161,203,293,334,336,368,416,426,455,474
162,170,277,308
4,89,261,276,288,319,344,351,406,433
44,108,161,239,341,423,438,448,465,486
19,107,143,210,268,308,423,428,430
14,30,99,110,209,225,308,358,408
50,112,132,139,151,179,210,234,261,268,308,408,433,442
34,56,186,239,423,441,449,451,471,479
24,48,91,108,277,308,335,408,431,435,459
6,19,28,32,101,119,154,170,370,398
16,42,152,161,326,395,408,452,470
12,56,67,98,101,110,125,132,145,149,170,190,191,261,265,315,322,355,376,396,403,427
14,34,42,44,66,122,139,187,304,431,443
18,101,123,186,194,239,241,394,403,449,477,496
37,56,235,455
134,184,194,210,253,301,316,323,364,366,394,414,431,455
27,86,144,178,195,210,322,449,472
86,99,116,194,221,227,229,300,310,355,356,387,404
2,125,368,430,449
0,121,186,293,427
79,99,123,124,178,220,240,293,308,317,443,482
74,123,139,308,322,396,431,477
75,111,184,202,266,324,335,347
108,144,184
24,89,210,308,323,402,403,414,489
18,159,161,220,241,242,322,403
14,152,185,186,187,194,357,359,429
72,73,238,409,431
14,16,189,240,288,321,390
91,121,147,218,267,307,335,400,455,478
186,187,295,400,403
29,34,60,86,113,318,346,376,387
19,78,489
78,203,293,336,416,455
14,117,135,175,178,185,219,331,376
49,103,147,160,161,186,267,300,390,406,409
60,72,161,170,187,196,238,244,293,308,358,394,427,441
2,12,110,143,146,163,221,267,276,322,396,431,445,449,459
6,16,20,110,184,187,371,406,489
21,46,56,107,161,254,258,318,395,424,439,496
24,67,68,117,170,305,307,324
44,119,209,253,278,293,336,348,426
11,108,141,170,196,229,261,399,408,432,435,478
14,67,87,99,152,185,187,221,321,328,338
2,67,123,124,185,261,351,358,395,401,448
28,56,92,102,111,132,192,195,396,439
2,6,19,26,103,110,112,288,368,370,396,408
14,50,81,117,120,135,146,178,244,331,380,416,459,463,478
14,15,57,77,121,138,279,315,343,378,387,401,420,431,439,479
18,60,101,186,197,221,235,254,376,446,458
14,18,102,144,194,241,357,408,410
14,70,117,141,178,186,219,221,372,375,389,489
60,99,116,189,219,305,322,365,366
19,220,340,406,426,448,452
14,16,44,90,194,239,441
57,90,203,288,303,345,396
13,183,184,285,308,315,334,350,376,419,449
162,165,270,304,308,327,431
56,184,313,325,349,360,478
56,61,110,139,202,225,255,358
4,15,18,162,177,194,286,304,308,328,474
16,63,67,116,123,141,186,234,328,345,419,443,449,477
16,67,76,84,172,232,234,308,389,452,457
20,103,124,158,161,181,194,269,285,322,357,386,466,485
18,32,148,161,250,357,408
96,270,351,389,438,441
139,170,218,271,279
44,187,239,328,451,494
16,48,76,99,322,367
60,240,331,445,458
139,141,215,221,367,374,407
16,39,60,86,93,111,358,403,408,449
91,110,161,162,170,258,267,269,376,445
14,121,154,192,293,313,318
22,38,78,110,261,345,376,378,406,425,482
172,285,295,331,489
34,93,108,144,154,186,207,221,227,233,348,386
8,170,194,239,308,319,364,414,443,448
111,254,462
100,166,279,376,403,409,448,461
77,178,329,343,410,427
12,26,50,186,187,188,221,239,335,349,352,370,387
19,129,136,162,183,214,234,261,273,293,308,470
26,87,93,124,141,146,279,340,457,490
43,137,308,437
5,28,38,69,143,186,293,304,376,426
34,71,75,147,172,222,242,246,252,286,288,295,385,425,454
26,32,34,101,147,170,204,235,269,318,358,419
15,29,85,121,254,304,396,410
15,29,72,91,152,154,318,327,396
167,172,186,262,335,437
1,12,18,19,34,124,162,194,210,220,250,285,338,341,492
6,103,141,158,161,276,386,485
39,76,154,245,326,413,465
34,49,91,108,161,199,258,267,269,274,315,319,430,443,445
21,45,220,254,286,372,414,442,489
2,60,129,135,181,191,300,302,315,390,403,408,428,433
11,12,89,142,161,162,178,203,220,221,268,315,380,395,400,403,408,426
97,138,175,218,262,324,426,431
63,157,192,233,262,292,308,344,350,395,396,428,443
87,132,186,267,312,403,425
14,161,276,308,358,408,433,449
12,16,19,56,85,162,166,183,185,261,275,310
5,34,102,146,179,186,328,402,428,449,457
162,197,277,285,448,455
19,32,78,91,172,210
172,194,285,295,324,331,455,473,489
34,121,241,267,308,322
145,215
15,56,61,66,86,132,136,141,161,178,183,190,210,229,274,389,470
23,182,234,390,474
6,31,38,119,144,161,170,187,219,224,299,324,492
28,34,78,241,474
14,34,152,159,273,430,439
46,140,170,258,288,318,325,348,374,397,412,419,423,425,427,431,458,474,482
14,56,102,117,124,241,292,308,364,389,408,431,474
14,30,86,87,160,187,192,221,230,290,308,315,331,342,425
6,14,60,152,172,205,218,330,390,420,433,452,489
345,445
48,55,56,161,248,308,313,348,426,448,478
4,16,34,152,200,209,315,391,498
4,28,183,221,315,370,394,455,474,481
15,67,163,213,220,249,286,335,479,492
8,16,32,37,48,131,143,161,179,194,209,210,221,321,392,419
34,110,143,145,152,186,218,335,403,451
14,16,67,215,239,301,308,323,408
14,224,321,394,409,431,470
136,141,215,267,318,389,431,480
31,39,64,123,310,331,388,396,425
46,48,110,115,161,166,186,195,241,267,318,356,363,406,474,478
10,267,274,351,370,481
37,67,91,107,111,157,191,275,310,313,330,390,403,489,493
14,18,70,110,151,266,281,308,374,404,416,449
101,141,218,300,403,433
19,34,76,94,115,129,138,265,408,437
72,120,170,196,238,288,293,308,394,424,440,470,479,492
29,30,68,90,94,102,108,124,274,347,452,498
94,159,242,273,308,430,436,497
104,110,140,162,262,265,321,431,452
4,57,102,120,123,134,159,195,234,265,286,343,438,455,482,494
2,82,111,276,357,408,450,458
3,19,56,67,78,90,154,190,202,221,233,477,499
16,56,87,170,187,227,340,427,430,445,490
49,56,86,123,170,250,335,416,490
26,119,146,147,331,336
31,139,141,215,366,408,465,492
11,160,239,286,494
6,111,117,242,266,281,293,330,331,387,408,425,485
12,14,15,101,125,145,149,159,196,213,261,355,376,389,400,427,428,457
7,115,161,236,308,427,449,479
57,72,73,97,103,155,162,202,211,238,293,307,394,421,427,489
15,25,26,46,76,91,146,186,202,325,328,407,478
101,108,131,162,254,375,462,489,494
6,18,47,49,84,108,181,186,187,211,288,384,413,421,427,431,437,492
2,11,63,72,141,196,238,293,308,350,394,406,440
6,67,116,146,175,190,267,308,408,427,429,494
140,169,202,234,257,328,408
66,117,134,194,221,233,242,274,279,316,319,429
14,44,194,220,235,241,250,268,389,394,431,438
76,188,218,220,246,315,368
77,111,123,147
140,145,159,178,209,225,319,364,395,425,429,458
14,194,220,235,258,324,394,444,448,468
41,66,102,152,221,277,316,406,408,448,449
14,35,41,67,187,233,253,307,308,341,378,444,472
18,29,121,132,158,170,181,218,420,460
111,129,250,270,314,321,331,403,431,449,477
16,18,50,135,189,196,218,261,265,315,319,329,358,433,440,448,461
14,37,57,108,117,161,262,286,318,435,437
42,67,104,210,406,427,439
0,50,102,132,223,319,329,380
56,161,194,250,270,324,335,408
30,143,178,191,195,279,435
40,84,148,221,230,234,348,388,474
6,141,210,212,287,318,356,440
6,56,67,72,169,431,439,449,470
18,26,30,119,146,147,190,304,331,336,356,426,435
41,61,147,197,229,279,378,449,455
19,31,44,49,67,79,111,146,190,272,307,330,364,413,419,443,451
161,210,322
181,238,240,244,252,308,339,421,431,444,455,489
4,18,48,90,139,181,187,218,271,279,331,351,408,414,431,448,451
29,81,86,97,145,305,489
12,220,279,322,329,348,426
26,123,145,186,194,241,266,389,468,495
6,19,34,115,119,166,190,195,219,241,242,322,324,385,400,403,469
8,16,60,76,129,161,319,345,359,386,409,477,478
168,235,423,451,474
67,97,170,318
91,111,120,132,161,279,281,293,310,313,328,376,450
66,121,167,202,210,261,319,324,343,401,448
25,39,67,85,97,170,210,221,318,475
110,128,219,349,390,403,420,445
0,14,31,254,277,348,396
117,152,292,301,308,313,378,430
9,97,99,221,239,313,406
34,48,161,342
5,19,56,63,99,117,134,140,187,195,274,363,459
14,38,111,125,144,194,261,308
12,56,117,158,179,240,324,370,397
4,116,293,349,387
34,116,124,215,244,308,318,324,328,335
12,18,32,111,154,195,221,239,315,370,428,448
10,78,190,267,270,308,331,336,396,478,497
21,91,154,172,221,308,321,427
0,55,56,121,141,186,250,293,427
135,170,194,406,478
60,67,129,135,177,285,302,315,319,349,351,390,406,408,427
102,141,170,227,319,406,443,448
47,142,219,306,403,417
19,245,270,384,416
6,21,83,86,101,109,119,132,222
111,113,190,234,250,400,448,497
1,37,86,108,117,141,161,170,321,399,435
97,103,108,111,161,348,449
6,19,67,155,161,183,188,190,268,285,290,376,459,478,490,498
14,38,60,111,186,194,250,288,406,412,421,430,449,478
1,47,76,102,141,154,160,186,195,239,261,267,307,344,365,366
35,108,143,154,162,215,261,318,321,339,427
29,34,46,115,161,186,207,315,316,349
31,49,89,99,207,221,236,288,315,319,322,331,370
19,85,111,129,144,155,194,339,450,460,478
19,24,86,100,102,124,172,310,325,367,419,425,449,494
124,185,187,241,281,315,400,448,452,479,494
54,60,93,111,305,403,408,449
48,90,161,187,250,395,471
48,50,101,170,209,303,390,427,439
21,56,67,90,110,185,190,218,239,288,315,403
19,52,221,308,321,338,376,403,426,435,444
2,48,140,177,220,304,336,380,448,489
134,154,187,211,253,276,307,408,480,486
18,21,50,66,110,113,161,277,285,357,396,403,452,482
1,2,81,170,321,408,427
91,113,165,302,342,349,395,403,482
179,240,356,395,419,444,471
86,110,149,161,211,279,288,324,389,396
144,220,376
11,14,15,39,60,76,190,288,345,403,426
18,60,143,196,301,335,420,427,478
60,66,67,136,172,190,191,274,296,327,378,416,470,474
162,218,240,270,375,489,494
168,235,423,451,474
19,49,110,219,233,307,395,434
41,56,162,292,315,396
142,190,265,294,426,449
12,18,26,115,170,195,197,210,239,240,242,258,269,296,308,378,390
18,110,121,162,186,195,279,293,324,422,427
91,124,138,170,363,396,406,419,448
72,90,188,235,328,401,443,451,470,478
56,76,293,315,378,409,422,433
30,48,60,81,86,139,191,202,387,417,474
0,14,20,49,110,116,122,164,181,219,238,262,329,397,443
54,91,101,186,219,268,288,304,308,390,425
4,44,99,108,115,123,144,186,207,219,233,261
14,101,124,190,236,308,328,406
8,37,42,161,209
101,170,203,310,313,319,364,388,390,489,493
134,194,233,274,279
2,38,66,70,147,152,192,204,221,273,308,314,316,349,406,410,425,448,469,471
3,16,34,44,78,90,186,194,234,241,321,438,441
34,37,60,191,203,222,244,275,314,399
19,34,101,143,157,188,209,244,270,314,408,416,417,431
56,86,108,111,132,161,293,295,388,389
46,79,162,221,229,331,425,451
136,137,318,488
22,32,64,123,181,187,209,328,339,359,376,396
102,113,124,138,186,187,213,227,315,413,450
56,70,98,124,254,261,288,301,322,396,400,427,479,485,494
111,336,370,403
21,67,103,144,154,170,236,250,331,408,438
34,98,117,181,223,230,239,308,351,384,393,428,474,488
14,56,67,124,334,408,445,488
30,49,186,210,262,279,495
76,111,161,170,172,188,238,239,380,399,427,474
3,6,67,116,141,227,234,268,409,419
32,67,166,173,185,241,308,310,334,365,389,426,427,459
29,34,67,90,154,166,219,331,335,417
111,135,160,179,220,277,305,355,363,389,459,461
50,70,76,186,196,234,349,389,457,460,493,497
14,16,56,188,245
30,67,91,138,141,239,448
18,26,48,170,220,240,267,279,310,372,413,421
99,117,140,141,226,408,426
6,57,91,129,161,170,331,465
61,87,142,180,202,255,313,408,423,459
222,239,269,408
60,185,322,339,349,365,366
4,46,67,162,178
62,81,137,186,207,221,239,240,298,403,478
0,18,111,139,170,186,194,313,322,390,455,490,494
2,14,86,117,147,187,275,308,329,340,380,387,478
14,45,56,78,117,135,220,386,419,473
47,166,313,339,428,473,478,494
42,60,121,132,138,186,241,249,293,315,339,413,457
49,56,67,108,275,305,408,425,445,451,492
14,32,102,150,241,357,410
56,114,166,279,329,422
11,50,70,85,132,136,187,199,226,285,295,308,319,336,443,457
108,170,249,265,304,431
33,87,186,277,356
56,85,102,117,124,154,166,170,178,283,308,389,431,499
18,154,170,177,192,244,308,326,401,425,440,451
0,18,178,202,240,440
12,18,26,32,34,101,111,147,170,204,235,269,318,358,419
141,261,336,375,390,431
194,268,313,400
34,49,108,274,430,443
67,194,240,382,416,470
6,110,121,129,192,193,271,313,375,408,425,467
218,425,437
14,60,97,166,240,266,269,326,331,345,445
47,147,163,202,232,346,390,392,433,473,478
1,5,46,85,154,190,250,283,302,345,380,406,431,493
20,30,60,85,170,180,221,239,241,262,286,307,330,396,451
12,48,99,110,128,140,158,161,192,194,215,398,400,431,448,477
2,19,39,77,154,177,178,188,310,349,430,444
60,338,419
18,310,318,381,387,392,419
186,199,222,267,315,349,408,421,465
20,86,111,170,183,194,234,305,315,427
48,102,182,267,334,366,449
14,67,117,124,155,185,190,315,421,440,441,470
12,30,60,87,172,221,279,334,352,403,409,419,449,489
0,121,140,170,186,218,221,293,359,427,479
151,186,190,209,277,331,393,448
4,14,26,67,136,196,387,419,455
114,267,315,413
22,121,181,207,318,322,374,380,406,412,423,435,474
41,46,56,100,110,116,167,186,187,190,269,281,296,376,396
141,313,319,401,478
116,181,186,207,328,341,376,396
41,101,111,116,186,215,293,454,462
2,105,110,151,152,163,187,190,221,326,389,396,445
162,345,389,455
110,167,182,188,218,254,389,419
12,113,143,186,242,249,293,457
18,43,54,86,93,146,158,258,279,331,428,438,468
67,134,157,185,190,210,262,315,413,430
37,111,181,220,239,288,300,315,328,345,387,459,467
99,116,146,189,194,219,249,305,308,474
68,136,186,275,427
43,118,222,229,239,266,305,443
26,67,114,136,173,196,301,334,390,394,427,455,492
11,32,89,97,135,147,218,240,250,310,440,444
102,170,177,219,269,345,498
19,163,190,288,348,408,421,443,459,481
270,357,470
99,115,152,305,345,375,419,425
34,91,117,123,245,308,318,395,410,478,479
12,121,131,179,190,233,331,370,397,491
74,108,161,209,233,308,356,387,400,403,421,433,443,457
66,121,186,202,218,226,315,319,343,448,495
15,20,67,90,123,213,220,249,254,286,310,326,335,492
87,102,140,331,376,406,443,444
22,67,117,154,194,215,219,338,359,370,389,408,419,431
66,128,136,190,218,262,274,315,322,429,431,433,449,470
32,229,308,351,458
8,14,30,31,48,67,111,245,270,329,390,424
16,54,161,162,163,170,185,241,276,307,408,433,445,455,492
100,117,183,288,295,335,398,445,459,470
4,47,111,131,141,164,170,194,303,305,308,319,322,364,429,474
101,107,137,187,205,240,244,295,401,431
12,23,56,68,218,227,321,408,443
20,141,161,186,210,305,343,365,413,416,492
57,88,90,123,181,254,288,331,345,396,426
57,78,187,267,308,319,331,355
37,117,160,304,331,345,361,370
18,101,118,189,261,265,329,403,440
12,42,90,98,123,396,470,473
30,48,94,132,139,209,234,247,326,329,390,411,417,470
16,88,89,136,146,234,236,254,277,310,359,389,398,406,408,413,420,427,431
129,142,184,194,210,301,313,323,364,394,414,440,455
14,30,32,41,86,117,149,162,173,244,254,265,341,402,416,431,451,474,492,497
188,275,359,490
32,142,190,219,221,265,294,375,382,408,426,449
86,325
16,67,116,182,214,250,331,420,455,478,491
6,60,96,115,134,136,250,273,308,324,345,419,427,471,474
30,47,49,94,110,154,178,190,281,313,351,406,494
86,98,100,421,446
35,161,211,221,249,368,384,426,474
163,238,395
4,110,137,146,243,244,310,335,342,345,416,471
67,140,234,455
30,48,60,139,186,191,301,308,326,432,470
56,110,234,308,313,325,339,349,360,478
77,99,160,187,239,301,395,408,419,420,428,442
3,30,81,91,97,102,103,106,138,170,288,315
1,3,16,146,239,244,262,288,390,411
28,34,246,293,384
18,46,125,204,279,402,458,474
35,60,85,161,286,346,387,420,428
103,155,163,177,220,234,238,265,270,358,376,425,458,470
16,67,194,202,277,494
19,47,88,111,162,163,183,224,261
38,60,111,125,144,155,194,233,242,261,308,359,367,401,419
270,357,444,474
72,99,152,427,477
29,39,68,187,252,277,320,322,406,426,427,485,494
306,403
43,161,250,271,286,334,351,492
15,48,113,114,162,209,221,286,306,328,427,448,474,478,497
15,123,125,141,184,188,315,331,348,388,492
16,30,50,93,134,162,186,205,273,290,315,317,319,449,491
12,166,270,319,451,471
6,140,143,239,287,315,396,427,474
26,34,46,146,152,271,321,323,449,455,478
6,78,186,195,284,308,331,335,378
57,105,116,164,213,221,232,250,270,351,354,362,390,437,474
46,110,186,474
41,86,91,155,175,229,308,319,358,363,456,478
37,103,191,203,275,305,327,349
123,178,186,307,308,321,322,323,331,414,416,426,427,435,482
0,141,160,181,219,265,267,335,356,365,390,419
34,43,162,163,205,227,245,290,301,308,376,396,400,408,437,449,478
99,391,436,490
3,14,16,25,75,111,141,210,221,250,306,346,404,427,455,460
37,121,122,143,219,270,416,435
14,26,60,170,181,386
19,167,232,241,419,439,442
14,186,308,330,420,421,431,433,452,489
77,138,209,305,331
6,10,67,110,162,190,227,236,240,292,314,349,431
135,285,313,408,420,430
18,28,205,218,340,395,408,427,431
0,92,135,232,253,261,334,394,408,426
38,89,124,125,161,186,190,202,250,261,308,315,316
67,72,83,94,152,183,187,233,267,308,319,349,384,396
110,192,194,270,322,494
4,185,227,352,448
18,88,156,161,210,315,415,455
76,111,151,313,328,370,467
14,19,125,179,215,246,262,308,358,403,413,452
14,33,87,141,185,186,195,215,250,277,323,356,429
6,16,28,32,152,162,406
14,185,261,270,329,358,448
12,26,28,86,90,111,113,138,180,189,195,202,316,349,404,426,448,472,497
48,170,242,248,326,345,348,406,427,431,448,478
14,47,108,163,261,307,315,328,479
2,56,67,77,124,331,351,395,419
117,186,322,345,349
1,19,193,194,305,308,387,434,449,455
14,108,285,293,307,408,470
2,99,146,221,234,245,364,403
6,353,428
6,46,56,63,154,185,221,315,359,478
41,42,44,111,239,245,331,375,419
47,100,101,134,142,219,438,474
14,45,78,101,143,181,186,301,313,322,324,376,378,395,419,420,492
30,33,195,218,267,321,390,427,431,449
16,99,156,162,172,266,408,430,437,489
2,11,48,101,129,195,279,294,342,348,384
14,21,39,129,149,161,170,195,209,233,309,349,388,455
14,189,249,288,324,336,425,477
147,193,194,261,308,438
32,67,120,123,143,209,215,293,313,318,339,359,445
129,142,166,187,188,202,210,261,455
39,163,182,186,191,253,308,395,427,452,472
1,39,46,89,111,213,370,396,423,435,478,496
42,128,148,162,170,177,185,200,220,261,307,419,478
34,117,151,152,185,301,313,319,331,378,448
30,153,221,242,268,285,365,388,408,427,455
67,101,137,170,431
1,45,78,191,265,334,384,448,489
134,148,277,286,431,449
2,57,170,186,221,254,331,336,474,495
14,19,31,66,67,79,146,186,241,272,288,304,318
5,38,47,111,308,376,382,384,498
16,147,199,271,277,324,406
11,14,56,99,185,209,230,308,356,403,408
28,30,101,143,162,174,270,321,409,419,431,494
34,104,140,141,143,170,178,246,250,277,308,331,342,349
86,97,141,193,229,273,341,474,478
83,91,129,166,170,188,275,331,440,465,481
16,178,247,261,324,331,406,408
43,118,154,189,222,229,239,242,266,328,427,435,443,496
32,101,111,293,352,419,431,454,474,491
19,43,56,184,285,319,395,406
29,56,93,177,186,254,286,389,454,485
19,31,49,144,187,190,270,275,304,307,387,395,434,472
81,132,141,185,197,302,340,376,400,401,449
2,14,34,99,186,245,441,477
6,9,86,91,155,175,180,190,194,218,220,229,286,308,363,409,421,437,444,470
19,28,34,38,100,115,161,170,172,225,250,270,308,448,449
28,94,98,138,218,234,246,310,319,375,376,387,481
16,19,37,46,74,194,277,345,387,497
19,39,56,349,430,444,482
26,67,112,117,165,181,194,219,258,281,328,389,408,489,495
28,142,188,205,218,408,455
30,37,66,265,308,342,400,425,477
6,32,134,167,191,230,268,318,334,406,426,479
19,113,140,195,239,244,285,417
19,76,261,449
5,19,70,111,143,172,241,408,447,466
19,48,154,156,161,191,203,478,479,497
48,97,161,210,226,300,380
6,67,134,170,190,323,368,430,445
108,178,186,433
1,14,18,19,21,29,77,85,108,116,121,132,146,154,205,228,244,308,435,455,481
21,37,102,119,136,158,202,311,376,457,473
2,90,125,159,187,291,358,430,449,478
60,143,151,220,240,274,310,322,331,345,365,366,376,428,445,458
47,78,89,91,99,141,186,261,288,298,319,322,323,336,375,451
2,25,37,56,121,191,196,396,417,425
111,121,177,194,241,292,324,408
22,46,56,128,140,154,186,188,195,221,402
34,48,200,218,287,292,356,385,390
135,163,254,410,411,494
14,46,103,162,167,181,186,202,324,348,388,390,404,427,477,489,497
18,34,124,220,250,300,403,407,433,443,448,492
30,34,42,49,66,122,187,196,242,279,410,431,443
19,26,94,112,165,181,258,265,281,328,408,495
1,67,136,203,218,240,279,319,445
14,70,140,179,187,235,288,440
34,181,315,341,349,374,407
4,108,111,117,170,177,184,186,187,215,240,254,261,288,308,328,367,395,437,449
108,215,239,351,425,474
49,86,239,261,308,322,352,389,403,406,441,451,485
6,86,233,266,292,318,324,336,344,372,390,427,455
234,390,474
39,90,144,152,162,190,202,250,274,302,308,310,323,416,419,421,492
16,29,48,50,111,116,210,305,321,356,392,401,419
14,134,160,187,249,288,315,344
99,110,178,240,458,482
37,45,99,111,164,244,279,288
14,97,102,162,276,322,323,403,460,482
49,110,170,186,287,322,384,386,402,408
89,94,140,141
47,89,146,187,203,236,388,389,398,427
29,105,134,141,157,162,170,239,285,303,308,376,482,489
1,38,134,166,170,210,240,243,308,417,422,425,443
32,37,74,88,140,159,185,193,194,211,234,262,292,326,356,390,406,466,474
14,37,86,331,378,403,406
147,161,186,286,308,322,366,395,425,443,470,473
3,186,190,197,240,308,315,335,387,424
78,161,194,252,277,357,405,489
60,108,130,141,268,293,295,441
18,75,167,215,218,222,273,331,426,445
78,154,186,221,233,351,389,401,408,474,495
56,87,132,186,267,308,312,403,408,425
29,56,254,389,454
97,118,138,254,269
16,43,100,142,190,265,275,294,311,388,426,445,449,470
108,149,178,330,482,492
102,136,258,326,408,457,473
210,221,385,401
60,78,202,209,222,241,250,277,302,390,394,435,443
3,21,97,159,191,310,374,389,403,477
140,185,214,218,240,244,270,279,291,308,406,419,455,457,481
41,56,132,151,163,177
4,48,56,58,60,249,265,288,395,437,482
14,103,116,186,202,219,250,322
2,49,116,161,187,224,355,370,441,448
19,31,34,67,72,79,86,111,120,136,141,250,272,288,359,378,402,444
26,87,112,152,165,181,209,258,261,277,281,293,328,343,386,396,416,422,495
84,116,140,147,178,186,202,313,438,485,499
48,75,129,218,292,296,315,335,375,387,412,426,445
111,161,190,202,218,285,308,319,465,492
